1,Quel est le sujet dans cette phrase : "Jérémy adore la quiche" ?,Jérémy
1,Conjugue ce verbe au présent de l'indicatif : "Manger" ? Je ...,mange
1,Quel est l'adjectif dans la phrase : "L'équipe rouge adore les pancakes",rouge
2,Quel est l'intrus : une carotte | un arbre | manger | une orange,manger
2,Quel est l'intrus : évidemment | parlement | lentement | rapidement,parlement
2,Quel est l'antonyme du mot "connu" ?,inconnu
3,Un synonyme du mot "rapidement" A - hâtivement  B - carapativement  C - carlivement  D - Aplôvaisement,A
3,Qui est un célèbre auteur français ? A - Jean de la Fontaine  B - Baptiste Hary  C - Maxime Leleu  D - Victor Apollinaire,A
