1,Quelle planète est la plus proche du soleil dans notre système solaire ?,Mercure
1,Quelle est la plus grande planète de notre système solaire ?,Jupiter
2,L'organe qui pompe le sang dans le corps se nomme le ...,Coeur
2,Pour générer une énergie renouvelable à partir du vent on utilise une ...,eolienne
3,Quel phénomène naturel fait trembler la terre ? A - Séisme  B - Tornade  C - Tsunami,A
3,Lequel de ces animaux n'est pas un mammifère ? A - Singe  B - Serpent  C - Lapin,B
3,Être omnivore c'est ... A - Ne manger que de la viande  B - Ne manger que des plantes  C - Manger les 2,C
3,Lequel de ces personnages est un célèbre scientifique ? A - Albert Einstein  B - Robert Mansion  C - Palbert Peinstein,A
3,Une phobie c'est ... A - Avoir peur de quelque chose  B - Une délicieuse boisson niçoise  C - Un pokémon  D - Un fruit,A
